cycle;name;location.x;location.y;location.z;name;dataZone;nm_children;pop;over16;nm_hh;AB_car_prob;C1_car_prob;C2_car_prob;DE_car_prob;prob_social;simd;crimeRate;norm_crime;avg_dis_sh;neigh_play;daily_play_per_child;avg_FSA;avg_walk;daily_OD;zone_mvpa;mvpa_home;mvpa_sc;mvpa_road;mvpa_play_field;mvpa_home_garden;mvpa_park;mvpa_PG;mvpa_amenity;mvpa_shops;mvpa_F_home;mvpa_fsa;mvpa_OD
11286;zone0;8448.90275962388;2625.4515469546564;0.0;zone0;S01010195;19;531;390;212;[0.0,0.481481,0.518519];[0.261538,0.646154,0.092308];[0.12,0.59,0.29];[0.447368,0.368421,0.184211];[0.418918918919,0.283783783784,0.202702702703,0.0945945945946];1;0.0;-0.540229885057;1051;38;0.07578947368421053;1.5263157894736843;47.985263157894735;27.63157894736842;66.26526315789474;10.526315789473685;22.210526315789473;16.526315789473685;1.3157894736842106;0.0;3.6147368421052626;0.02526315789473684;2.183157894736842;0.38947368421052636;1.5726315789473684;6.052631578947368;6.578947368421052
11286;zone1;8656.736904000718;2165.9902346445633;0.0;zone1;S01010198;18;1027;748;394;[0.058824,0.529412,0.411765];[0.305785,0.561983,0.132231];[0.219858,0.496454,0.283688];[0.523179,0.331126,0.145695];[0.48623853211,0.229357798165,0.266055045872,0.0183486238532];1;1609.0;1.3102524676;1353;30;0.06444444444444444;1.4444444444444444;52.940000000000005;30.88888888888889;71.17333333333333;11.61111111111111;23.166666666666668;18.38888888888889;1.08;0.0;2.3555555555555556;0.07333333333333332;4.188888888888888;0.3644444444444445;1.7755555555555553;6.444444444444445;7.277777777777778
11286;zone2;8537.588755655543;3024.028900129281;0.0;zone2;S01010201;22;643;453;253;[0.0,0.47619,0.52381];[0.270833,0.3125,0.416667];[0.088,0.48,0.432];[0.296552,0.434483,0.268966];[0.365853658537,0.292682926829,0.292682926829,0.0487804878049];2;219.0;-0.28762447053;763;51;0.08545454545454545;1.1363636363636365;36.18181818181818;33.72727272727273;61.91272727272727;10.727272727272727;22.09090909090909;12.409090909090908;0.9145454545454546;0.0;2.7563636363636372;0.01272727272727273;4.041818181818183;0.24727272727272728;2.0600000000000005;5.136363636363637;7.318181818181818
11286;zone3;8059.42097232239;3767.666522351409;0.0;zone3;S01010203;30;671;504;260;[0.090909,0.363636,0.545455];[0.263804,0.460123,0.276074];[0.094828,0.422414,0.482759];[0.183824,0.375,0.441176];[0.272727272727,0.218181818182,0.363636363636,0.145454545455];3;215.0;-0.292668818285;1964;47;0.06133333333333333;1.6666666666666667;77.80666666666664;35.96666666666667;75.24800000000002;9.066666666666666;22.2;26.633333333333333;1.1773333333333331;0.0;2.029333333333333;0.0;4.7026666666666666;0.3106666666666667;2.026666666666667;5.266666666666667;7.466666666666667
11286;zone4;8368.288440296214;3565.498290652094;0.0;zone4;S01010204;30;800;589;381;[0.272727,0.727273,0.0];[0.627451,0.27451,0.098039];[0.444444,0.533333,0.022222];[0.600619,0.321981,0.077399];[0.595041322314,0.157024793388,0.239669421488,0.00826446280992];1;497.0;0.0317745673598;1060;47;0.05866666666666667;1.4666666666666666;45.697333333333326;27.533333333333335;68.50533333333333;11.733333333333333;23.266666666666666;15.4;0.9666666666666668;0.0;2.294666666666666;0.02133333333333333;3.5813333333333333;0.3986666666666666;2.304;6.5;6.366666666666666
11286;zone5;8034.229745798958;3515.110462853287;0.0;zone5;S01010205;15;658;534;355;[0.411765,0.117647,0.470588];[0.465116,0.457364,0.077519];[0.317757,0.588785,0.093458];[0.593458,0.280374,0.126168];[0.466666666667,0.2,0.3,0.0333333333333];1;925.0;0.523434132086;1588;17;0.04266666666666667;1.6;57.501333333333335;28.133333333333333;67.59200000000001;10.133333333333333;22.133333333333333;19.8;1.1520000000000001;0.0;1.597333333333333;0.0;3.2560000000000002;0.26666666666666666;1.8240000000000003;5.866666666666666;5.466666666666667
11286;zone6;7457.064719570519;3739.055375726369;0.0;zone6;S01010208;18;903;745;565;[0.30137,0.589041,0.109589];[0.48062,0.457364,0.062016];[0.272727,0.613636,0.113636];[0.66055,0.270642,0.068807];[0.233333333333,0.133333333333,0.461111111111,0.172222222222];1;603.0;0.153385979085;1423;19;0.03777777777777778;2.0555555555555554;62.266666666666666;26.944444444444443;68.40888888888888;8.88888888888889;21.77777777777778;21.444444444444443;0.9755555555555557;0.0;1.1133333333333333;0.0;3.1066666666666665;0.2333333333333334;1.402222222222222;7.833333333333333;4.666666666666667
11286;zone7;7917.838214725937;1939.334458859395;0.0;zone7;S01010209;24;966;677;468;[0.172414,0.586207,0.241379];[0.333333,0.414966,0.251701];[0.381944,0.458333,0.159722];[0.545852,0.336245,0.117904];[0.337931034483,0.248275862069,0.303448275862,0.110344827586];1;2053.0;1.82052250092;1573;40;0.06333333333333334;1.1666666666666667;63.16666666666668;31.083333333333332;73.75833333333334;11.375;23.208333333333332;21.75;0.7366666666666667;0.0;3.258333333333334;0.0;4.03;0.4483333333333333;2.176666666666667;5.125;7.5
11286;zone8;7878.406567747077;2721.2634132011362;0.0;zone8;S01010210;18;885;641;416;[0.173913,0.456522,0.369565];[0.21519,0.5,0.28481];[0.189781,0.386861,0.423358];[0.422111,0.442211,0.135678];[0.394736842105,0.236842105263,0.254385964912,0.114035087719];1;344.0;-0.144253829852;1237;35;0.07777777777777778;1.0555555555555556;50.724444444444444;25.166666666666668;62.546666666666674;9.5;21.944444444444443;17.38888888888889;1.788888888888889;0.0;2.4800000000000004;0.0;2.3155555555555556;0.41777777777777786;1.9288888888888884;3.388888888888889;6.166666666666667
11286;zone9;7785.599648345685;3201.783800714137;0.0;zone9;S01010211;22;858;634;452;[0.147059,0.705882,0.147059];[0.384615,0.452991,0.162393];[0.469565,0.4,0.130435];[0.722656,0.226563,0.050781];[0.473214285714,0.169642857143,0.285714285714,0.0714285714286];1;430.0;-0.0456985893816;1085;40;0.06909090909090909;1.1818181818181819;50.02727272727273;25.136363636363637;62.432727272727284;9.318181818181818;21.454545454545453;17.272727272727273;1.0927272727272728;0.0;2.9799999999999995;0.0;1.7854545454545454;0.4509090909090909;2.0763636363636366;4.2272727272727275;5.409090909090909
11286;zone10;7580.688680869333;3097.127786881416;0.0;zone10;S01010212;49;1083;779;559;[0.233333,0.633333,0.133333];[0.594771,0.339869,0.065359];[0.465517,0.405172,0.12931];[0.712821,0.269231,0.017949];[0.566037735849,0.138364779874,0.22641509434,0.0691823899371];1;1473.0;1.15298517036;1195;85;0.06693877551020408;1.5714285714285714;54.71102040816327;28.224489795918366;71.9404081632653;11.204081632653061;23.367346938775512;18.571428571428573;1.32;0.0;2.802448979591837;0.0;3.451428571428571;0.2620408163265306;2.298775510204082;6.816326530612245;7.040816326530612
11286;zone11;8065.177293237223;3111.5884965344962;0.0;zone11;S01010213;13;924;657;476;[0.105263,0.684211,0.210526];[0.382609,0.547826,0.069565];[0.218543,0.556291,0.225166];[0.467925,0.483019,0.049057];[0.451327433628,0.221238938053,0.274336283186,0.0530973451327];1;247.0;-0.255840453357;825;22;0.06769230769230769;1.6153846153846154;37.04307692307692;20.23076923076923;68.94461538461539;13.846153846153847;24.46153846153846;12.153846153846153;1.0215384615384615;0.0;2.4184615384615387;0.0;2.670769230769231;0.5815384615384617;2.141538461538462;8.0;5.6923076923076925
11286;zone12;7144.994858230166;1947.4125453867302;0.0;zone12;S01010214;27;967;717;396;[0.098592,0.28169,0.619718];[0.197531,0.438272,0.364198];[0.173333,0.493333,0.333333];[0.237069,0.487069,0.275862];[0.361344537815,0.210084033613,0.310924369748,0.117647058824];3;176.0;-0.337854473183;1827;36;0.05037037037037037;1.5925925925925926;69.25777777777779;34.2962962962963;74.46666666666667;9.777777777777779;22.51851851851852;23.925925925925927;2.192592592592593;0.0;1.805925925925926;0.0;3.9940740740740743;0.32592592592592595;1.8977777777777785;6.2592592592592595;7.555555555555555
11286;zone13;7013.590150664996;2618.495528189446;0.0;zone13;S01010215;24;850;608;492;[0.571429,0.285714,0.142857];[0.5,0.431373,0.068627];[0.382609,0.391304,0.226087];[0.678571,0.269841,0.051587];[0.467289719626,0.140186915888,0.345794392523,0.0467289719626];1;547.0;0.0886083430805;734;51;0.08166666666666667;1.3333333333333333;43.72666666666667;26.375;63.945;11.0;22.458333333333332;14.916666666666666;0.7999999999999998;0.0;2.4566666666666666;0.0;3.151666666666667;0.4133333333333334;2.305;4.708333333333333;5.958333333333333
11286;zone14;7332.222205807836;2329.961970144465;0.0;zone14;S01010216;15;621;464;361;[0.6,0.4,0.0];[0.597701,0.356322,0.045977];[0.409091,0.439394,0.151515];[0.709544,0.273859,0.016598];[0.5,0.163265306122,0.265306122449,0.0714285714286];1;600.0;0.150092344085;1272;21;0.05333333333333334;1.7333333333333334;63.62933333333333;26.533333333333335;77.56533333333331;11.4;24.2;22.066666666666666;1.048;0.0;2.8746666666666667;0.0;3.6826666666666674;0.6586666666666666;2.3280000000000007;7.4;7.066666666666666
11286;zone15;7299.833172322251;2625.8610945736937;0.0;zone15;S01010217;33;817;598;406;[0.16129,0.516129,0.322581];[0.565517,0.4,0.034483];[0.5,0.431373,0.068627];[0.702703,0.283784,0.013514];[0.541935483871,0.0967741935484,0.296774193548,0.0645161290323];1;1060.0;0.679274950851;985;63;0.07151515151515152;1.4545454545454546;46.592727272727274;32.03030303030303;66.75393939393938;10.545454545454545;22.696969696969695;16.0;0.663030303030303;0.0;2.813333333333334;0.0;4.250909090909091;0.4036363636363635;1.9842424242424244;5.575757575757576;7.333333333333333
11286;zone16;7142.953643082513;3018.5401822929393;0.0;zone16;S01010218;31;1018;790;587;[0.425532,0.404255,0.170213];[0.392523,0.453271,0.154206];[0.358209,0.492537,0.149254];[0.589124,0.335347,0.075529];[0.424657534247,0.109589041096,0.369863013699,0.0958904109589];1;557.0;0.101026678737;554;64;0.07741935483870968;1.6774193548387097;35.18322580645161;26.225806451612904;66.19354838709678;12.64516129032258;23.70967741935484;11.838709677419354;0.9264516129032259;0.0;1.5703225806451613;0.0;4.136774193548387;0.37419354838709673;2.1354838709677417;7.129032258064516;6.096774193548387
11286;zone17;6738.8937706128745;4298.8917997019325;0.0;zone17;S01010219;21;503;382;274;[0.695652,0.304348,0.0];[0.758621,0.215517,0.025862];[0.761905,0.166667,0.071429];[0.781609,0.195402,0.022989];[0.41935483871,0.0752688172043,0.408602150538,0.0967741935484];2;184.0;-0.327838932938;1363;41;0.07428571428571429;1.9523809523809523;68.84761904761906;31.857142857142858;74.12190476190476;9.095238095238095;22.428571428571427;23.333333333333332;3.784761904761904;0.0;2.935238095238095;0.10666666666666667;1.5142857142857142;0.2228571428571429;1.8076190476190472;7.0;7.857142857142857
11286;zone18;5915.780765415368;4211.222876105162;0.0;zone18;S01010220;7;476;433;279;[0.181159,0.608696,0.210145];[0.404255,0.531915,0.06383];[0.227273,0.704545,0.068182];[0.448276,0.482759,0.068966];[0.154545454545,0.0636363636364,0.318181818182,0.463636363636];5;267.0;-0.232306706325;1143;9;0.04;3.142857142857143;54.645714285714284;20.285714285714285;78.46285714285715;12.714285714285714;24.0;18.571428571428573;2.0685714285714285;0.0;2.2285714285714286;0.21142857142857144;1.9142857142857141;0.2914285714285714;1.2971428571428572;13.428571428571429;5.714285714285714
11286;zone19;6341.0811208317455;3913.8398648988496;0.0;zone19;S01010221;13;546;394;260;[0.6,0.4,0.0];[0.557377,0.409836,0.032787];[0.538462,0.323077,0.138462];[0.699387,0.257669,0.042945];[0.609375,0.140625,0.203125,0.046875];1;635.0;0.19005459739;1128;23;0.06769230769230769;1.5384615384615385;50.25846153846154;23.53846153846154;68.06769230769231;11.076923076923077;22.923076923076923;16.923076923076923;3.1046153846153848;0.0;2.473846153846154;0.0;1.2984615384615386;0.25846153846153846;2.0;6.384615384615385;6.461538461538462
11286;zone20;7001.213463613622;4053.9957950241624;0.0;zone20;S01010222;15;492;414;285;[0.142857,0.5,0.357143];[0.432432,0.459459,0.108108];[0.348624,0.522936,0.12844];[0.747899,0.235294,0.016807];[0.345238095238,0.214285714286,0.309523809524,0.130952380952];1;377.0;-0.105830277325;1658;25;0.06666666666666667;1.2;61.085333333333324;29.133333333333333;75.97066666666665;12.533333333333333;24.066666666666666;21.0;1.4666666666666663;0.0;2.6133333333333337;0.0;3.8986666666666676;0.424;2.6506666666666665;5.533333333333333;7.533333333333333
11286;zone21;6986.8418912765155;3434.1450308482026;0.0;zone21;S01010223;4;556;462;337;[0.076923,0.538462,0.384615];[0.567797,0.330508,0.101695];[0.472222,0.444444,0.083333];[0.584699,0.36612,0.04918];[0.432432432432,0.162162162162,0.324324324324,0.0810810810811];1;439.0;-0.0353356041414;1874;4;0.03;1.75;83.16;28.75;80.13999999999999;10.25;23.75;28.5;1.46;0.0;1.55;0.0;4.029999999999999;0.53;1.7999999999999998;6.5;6.5
11286;zone22;6247.397837456437;3329.661273309237;0.0;zone22;S01010224;40;1036;727;469;[0.405405,0.540541,0.054054];[0.592593,0.274074,0.133333];[0.418803,0.504274,0.076923];[0.768421,0.202632,0.028947];[0.506097560976,0.140243902439,0.268292682927,0.0853658536585];1;1004.0;0.614259332793;1020;79;0.075;1.025;50.507999999999996;23.375;69.80600000000001;11.95;23.725;17.3;4.154000000000001;0.0;1.7860000000000003;0.10299999999999998;1.4469999999999998;0.36799999999999994;3.0360000000000005;4.275;7.025
11286;zone23;7827.985844039554;4105.4701191949;0.0;zone23;S01010225;33;812;636;431;[0.25,0.634615,0.115385];[0.469072,0.43299,0.097938];[0.54023,0.413793,0.045977];[0.672065,0.234818,0.093117];[0.385185185185,0.125925925926,0.325925925926,0.162962962963];1;1006.0;0.616572011517;1683;48;0.05696969696969697;0.9393939393939394;67.20848484848487;31.545454545454547;69.62181818181817;9.606060606060606;21.87878787878788;23.151515151515152;1.564848484848485;0.0;2.18060606060606;0.02303030303030303;3.380606060606061;0.35757575757575755;2.5296969696969698;3.272727272727273;6.606060606060606
11286;zone24;7040.363001382077;4481.052780471187;0.0;zone24;S01010226;40;816;565;394;[0.454545,0.242424,0.30303];[0.715385,0.2,0.084615];[0.540541,0.405405,0.054054];[0.766917,0.18797,0.045113];[0.503355704698,0.201342281879,0.221476510067,0.0738255033557];2;422.0;-0.0548014077425;1251;103;0.099;0.975;56.047000000000004;36.025;73.17700000000002;11.125;23.125;19.05;4.3420000000000005;0.0;4.793000000000001;0.11200000000000002;1.7169999999999999;0.4920000000000001;2.4700000000000006;4.25;10.475
11286;zone25;6847.772309074456;4638.663588163389;0.0;zone25;S01010227;39;692;454;294;[0.413793,0.413793,0.172414];[0.704545,0.238636,0.056818];[0.654545,0.345455,0.0];[0.810606,0.159091,0.030303];[0.672268907563,0.0924369747899,0.159663865546,0.0756302521008];4;0.0;-0.540229885057;1150;153;0.14974358974358976;0.9230769230769231;52.874871794871794;46.05128205128205;72.52102564102566;10.435897435897436;22.846153846153847;18.0;2.961025641025641;0.0;8.136410256410256;0.07692307692307693;2.5558974358974353;0.3784615384615384;2.196923076923077;3.3076923076923075;13.307692307692308
11286;zone26;8241.816993110848;4572.457656401622;0.0;zone26;S01010229;30;1016;787;508;[0.1,0.625,0.275];[0.350877,0.350877,0.298246];[0.348315,0.477528,0.174157];[0.565217,0.310559,0.124224];[0.420731707317,0.213414634146,0.292682926829,0.0731707317073];1;395.0;-0.0859445809966;1299;48;0.06133333333333333;1.2;55.81466666666666;22.466666666666665;70.37466666666664;11.933333333333334;23.433333333333334;19.0;2.132;0.0;2.7599999999999993;0.02533333333333333;1.7840000000000003;0.3853333333333333;2.136;5.2;6.266666666666667
11286;zone27;7458.320056766788;4680.341251240345;0.0;zone27;S01010230;24;1005;772;577;[0.314286,0.628571,0.057143];[0.703883,0.296117,0.0];[0.727273,0.218182,0.054545];[0.71831,0.24507,0.03662];[0.517857142857,0.136904761905,0.267857142857,0.077380952381];1;846.0;0.433218203459;952;34;0.05666666666666666;1.3333333333333333;43.37333333333334;30.875;65.99166666666666;10.916666666666666;22.333333333333332;14.541666666666666;1.656666666666667;0.0;5.335;0.05333333333333334;1.6466666666666672;0.4483333333333334;2.2016666666666667;5.125;8.208333333333334
11286;zone28;7569.802990100143;4917.458811240416;0.0;zone28;S01010232;37;1074;792;485;[0.457143,0.485714,0.057143];[0.557292,0.338542,0.104167];[0.492063,0.333333,0.174603];[0.654229,0.251244,0.094527];[0.470297029703,0.153465346535,0.306930693069,0.0693069306931];1;771.0;0.347049794199;1041;45;0.04432432432432432;1.5945945945945945;52.27783783783783;28.783783783783782;66.18054054054056;9.891891891891891;22.16216216216216;17.83783783783784;1.3232432432432435;0.0;2.660540540540541;0.04972972972972974;2.4129729729729728;0.33837837837837836;1.8789189189189195;6.0;6.027027027027027
11286;zone29;7830.713068379679;4879.746446724283;0.0;zone29;S01010233;33;970;705;476;[0.275,0.625,0.1];[0.655629,0.245033,0.099338];[0.52809,0.426966,0.044944];[0.771505,0.212366,0.016129];[0.587209302326,0.093023255814,0.261627906977,0.0581395348837];1;284.0;-0.213781821634;1291;51;0.05818181818181818;1.0303030303030303;55.98060606060608;29.818181818181817;67.89939393939393;10.515151515151516;22.454545454545453;19.272727272727273;1.3903030303030302;0.0;2.559999999999999;0.04242424242424242;3.180606060606061;0.42181818181818187;2.6193939393939396;3.5757575757575757;6.666666666666667
11286;zone30;6473.383843181837;4954.519765957263;0.0;zone30;S01010261;6;2551;2373;526;[0.666667,0.270833,0.0625];[0.675841,0.281346,0.042813];[0.75,0.25,0.0];[0.824468,0.164894,0.010638];[0.41,0.06,0.41,0.12];3;176.0;-0.337679921334;2067;7;0.04666666666666667;2.1666666666666665;82.69333333333333;23.5;83.74666666666667;11.333333333333334;24.166666666666668;28.333333333333332;2.58;0.0;1.7666666666666668;0.06;2.3333333333333335;0.3066666666666667;2.013333333333333;8.833333333333334;6.333333333333333
11286;zone31;4930.642193689802;4959.449818932565;0.0;zone31;S01010266;3;555;474;237;[0.320755,0.556604,0.122642];[0.677273,0.254545,0.068182];[0.5,0.461538,0.038462];[0.534247,0.30137,0.164384];[0.141176470588,0.0588235294118,0.4,0.4];3;536.0;0.0761386922126;1177;5;0.06666666666666667;0.0;46.74666666666667;51.333333333333336;73.2;13.0;24.333333333333332;16.0;2.0133333333333336;0.0;5.1866666666666665;1.1733333333333333;5.266666666666667;0.7333333333333333;3.853333333333333;0.0;13.333333333333334
11286;zone32;5712.5549897826;4979.400336637217;0.0;zone32;S01010270;4;1153;972;817;[0.389831,0.533898,0.076271];[0.70255,0.252125,0.045326];[0.714286,0.272727,0.012987];[0.771552,0.228448,0.0];[0.125,0.0909090909091,0.454545454545,0.329545454545];1;871.0;0.461200629557;1546;7;0.07;1.25;63.730000000000004;27.0;85.49;15.0;27.0;21.5;3.3200000000000003;0.0;3.7600000000000002;0.49;2.81;0.41000000000000003;3.04;6.25;9.75
11286;zone33;3394.0723536088512;4934.677182292946;0.0;zone33;S01010282;13;976;841;645;[0.438776,0.520408,0.040816];[0.545732,0.405488,0.04878];[0.521277,0.382979,0.095745];[0.712707,0.232044,0.055249];[0.190954773869,0.070351758794,0.35175879397,0.386934673367];2;350.0;-0.137812028107;1398;24;0.07384615384615385;1.5384615384615385;63.50153846153845;36.38461538461539;77.52;11.307692307692308;23.46153846153846;21.46153846153846;1.7507692307692306;0.0;7.03076923076923;0.64;1.7723076923076926;0.4646153846153847;1.8646153846153848;6.153846153846154;10.692307692307692
11286;zone34;4385.789287498423;4835.237486850067;0.0;zone34;S01010289;15;771;687;380;[0.130952,0.511905,0.357143];[0.262911,0.502347,0.234742];[0.178571,0.464286,0.357143];[0.410256,0.435897,0.153846];[0.058064516129,0.0322580645161,0.245161290323,0.664516129032];5;259.0;-0.241396294863;1382;43;0.10933333333333334;2.6;61.232;41.06666666666667;80.13866666666668;10.4;23.533333333333335;21.0;1.8426666666666667;0.0;5.304;1.5733333333333335;1.7973333333333332;0.24000000000000002;1.0906666666666667;11.533333333333333;10.0
11286;zone35;4401.5375624188455;4669.062022109911;0.0;zone35;S01010290;13;546;485;278;[0.198198,0.603604,0.198198];[0.485944,0.449799,0.064257];[0.555556,0.444444,0.0];[0.435897,0.512821,0.051282];[0.10752688172,0.0430107526882,0.494623655914,0.354838709677];3;353.0;-0.133686757747;1254;32;0.09538461538461539;2.076923076923077;56.91076923076923;36.30769230769231;74.00615384615384;10.076923076923077;22.615384615384617;19.615384615384617;1.7876923076923072;0.0;5.6123076923076916;1.2215384615384617;1.3138461538461537;0.26461538461538464;2.055384615384616;7.846153846153846;9.538461538461538
11286;zone36;4119.983651650423;4281.100418217042;0.0;zone36;S01010291;12;1075;975;481;[0.405594,0.447552,0.146853];[0.627907,0.277132,0.094961];[0.415094,0.433962,0.150943];[0.562963,0.325926,0.111111];[0.197080291971,0.0729927007299,0.445255474453,0.284671532847];3;438.0;-0.0363924713322;1044;23;0.06666666666666667;1.0;47.66333333333333;38.166666666666664;69.00333333333334;10.916666666666666;22.833333333333332;16.333333333333332;2.2600000000000002;0.0;7.136666666666667;0.7333333333333334;1.1066666666666667;0.4466666666666666;1.8833333333333335;3.6666666666666665;10.833333333333334
11286;zone37;4399.731076226201;4291.6703625917;0.0;zone37;S01010292;10;890;831;409;[0.348214,0.508929,0.142857];[0.477169,0.420091,0.10274];[0.339286,0.446429,0.214286];[0.55814,0.383721,0.05814];[0.128378378378,0.0540540540541,0.398648648649,0.418918918919];4;323.0;-0.168488563048;901;27;0.104;1.3;44.824;35.0;68.22;11.1;22.9;15.3;2.812;0.0;4.532;1.112;1.1880000000000002;0.384;2.052;5.2;9.2
11286;zone38;4514.690807242894;4541.15458266895;0.0;zone38;S01010293;16;839;723;373;[0.51773,0.35461,0.12766];[0.635389,0.262735,0.101877];[0.446809,0.319149,0.234043];[0.514286,0.392857,0.092857];[0.242424242424,0.0606060606061,0.393939393939,0.30303030303];3;290.0;-0.205814991507;1272;36;0.085;1.3125;57.3875;34.9375;66.82499999999999;9.3125;21.6875;19.8125;2.0524999999999998;0.0;4.345000000000001;0.7825000000000001;0.8925;0.41000000000000003;1.9725000000000001;3.875;7.625
11286;zone39;4541.7482834333705;4418.565122351524;0.0;zone39;S01010294;13;690;631;275;[0.242105,0.526316,0.231579];[0.650873,0.214464,0.134663];[0.583333,0.208333,0.208333];[0.414894,0.489362,0.095745];[0.164835164835,0.043956043956,0.494505494505,0.296703296703];4;440.0;-0.0342259463805;829;25;0.07692307692307693;1.8461538461538463;49.319999999999986;37.53846153846154;72.79999999999998;11.153846153846153;23.153846153846153;16.615384615384617;1.7015384615384614;0.0;6.439999999999999;1.3907692307692305;1.2615384615384615;0.44615384615384623;2.0246153846153847;6.923076923076923;10.384615384615385
11286;zone40;4766.8646917667475;4574.50133624035;0.0;zone40;S01010295;18;974;870;427;[0.384615,0.391026,0.224359];[0.604555,0.310559,0.084886];[0.428571,0.285714,0.285714];[0.390728,0.516556,0.092715];[0.212765957447,0.113475177305,0.297872340426,0.375886524823];4;529.0;0.0680145754747;1014;37;0.08222222222222222;1.9444444444444444;51.66444444444445;36.888888888888886;74.64444444444445;10.777777777777779;22.944444444444443;17.61111111111111;1.617777777777778;0.0;7.617777777777778;0.568888888888889;0.9844444444444446;0.23777777777777784;1.506666666666667;8.833333333333334;10.222222222222221
11286;zone41;4647.752341766679;4736.091736240359;0.0;zone41;S01010296;16;664;560;291;[0.294118,0.423529,0.282353];[0.520913,0.368821,0.110266];[0.375,0.375,0.25];[0.475524,0.391608,0.132867];[0.282828282828,0.111111111111,0.363636363636,0.242424242424];2;856.0;0.444094443477;1225;33;0.08;1.1875;52.904999999999994;36.875;67.24;9.625;22.375;17.875;1.7425;0.0;5.147500000000001;1.0925;0.8925000000000001;0.30750000000000005;2.0975;4.625;8.4375
11286;zone42;5522.849421766708;4411.996091240393;0.0;zone42;S01010297;7;1066;894;676;[0.582609,0.382609,0.034783];[0.691824,0.245283,0.062893];[0.540541,0.333333,0.126126];[0.681275,0.270916,0.047809];[0.260563380282,0.140845070423,0.37323943662,0.225352112676];1;504.0;0.0391758595379;833;9;0.05142857142857143;2.4285714285714284;53.205714285714286;26.0;83.41714285714285;14.285714285714286;25.714285714285715;17.857142857142858;1.3885714285714286;0.0;2.262857142857143;0.4971428571428572;3.400000000000001;0.44;2.0571428571428574;13.571428571428571;7.0
11286;zone43;4706.481893689814;4143.807995855712;0.0;zone43;S01010298;12;880;677;515;[0.308943,0.479675,0.211382];[0.581395,0.356589,0.062016];[0.539683,0.396825,0.063492];[0.744828,0.193103,0.062069];[0.227272727273,0.0984848484848,0.371212121212,0.30303030303];1;486.0;0.0190902878356;1009;25;0.08333333333333333;1.3333333333333333;52.51000000000001;35.166666666666664;74.23666666666668;11.583333333333334;24.0;18.0;3.0500000000000003;0.0;4.973333333333334;0.8866666666666666;1.2899999999999998;0.5633333333333334;1.9433333333333331;6.166666666666667;9.75
11286;zone44;4885.424673909578;4209.645754097502;0.0;zone44;S01010299;4;536;404;292;[0.3,0.54,0.16];[0.556701,0.340206,0.103093];[0.458333,0.520833,0.020833];[0.584906,0.283019,0.132075];[0.428571428571,0.0857142857143,0.285714285714,0.2];1;375.0;-0.10827530326;702;5;0.05;1.5;45.14;26.0;67.75;11.75;23.0;15.5;2.35;0.0;0.29000000000000004;0.39999999999999997;3.15;0.49;2.4000000000000004;6.75;5.5
11286;zone45;4883.397012115578;4340.414778682246;0.0;zone45;S01010300;21;934;764;478;[0.460784,0.411765,0.127451];[0.664653,0.238671,0.096677];[0.632353,0.323529,0.044118];[0.606383,0.329787,0.06383];[0.3046875,0.125,0.3515625,0.21875];2;513.0;0.0498225801839;596;46;0.0838095238095238;1.5714285714285714;36.13142857142857;28.857142857142858;62.438095238095244;10.666666666666666;22.61904761904762;11.952380952380953;2.1257142857142854;0.0;2.1580952380952376;0.17142857142857146;2.7961904761904757;0.3866666666666667;2.2723809523809524;5.714285714285714;6.857142857142857
11286;zone46;5144.66081966521;4032.769083704074;0.0;zone46;S01010301;6;522;457;283;[0.292683,0.597561,0.109756];[0.57563,0.315126,0.109244];[0.222222,0.703704,0.074074];[0.561798,0.393258,0.044944];[0.214285714286,0.0612244897959,0.459183673469,0.265306122449];4;490.0;0.0232745011966;1001;15;0.1;1.3333333333333333;50.24666666666667;40.5;75.35333333333334;12.0;24.333333333333332;17.166666666666668;4.38;0.0;1.7;0.4466666666666666;4.28;0.3133333333333333;1.8933333333333333;7.166666666666667;10.333333333333334
11286;zone47;5165.568789180556;4297.038752619699;0.0;zone47;S01010302;24;669;495;388;[0.65625,0.28125,0.0625];[0.6,0.356522,0.043478];[0.716981,0.226415,0.056604];[0.801802,0.18018,0.018018];[0.582417582418,0.0769230769231,0.263736263736,0.0769230769231];1;392.0;-0.0896499889057;1451;42;0.06666666666666667;0.8333333333333334;56.92833333333334;34.791666666666664;72.89;12.208333333333334;23.5;19.708333333333332;4.13;0.0;1.6483333333333334;0.36000000000000004;3.2033333333333336;0.48666666666666664;2.4916666666666667;3.5;8.791666666666666
11286;zone48;5241.140616766716;4139.402270499609;0.0;zone48;S01010303;33;579;387;250;[0.692308,0.153846,0.153846];[0.56701,0.298969,0.134021];[0.630435,0.282609,0.086957];[0.658879,0.285047,0.056075];[0.58407079646,0.106194690265,0.274336283186,0.0353982300885];1;415.0;-0.0627120940391;1625;65;0.07757575757575758;1.1818181818181819;63.21696969696969;29.666666666666668;70.47999999999999;10.272727272727273;22.636363636363637;21.606060606060606;3.7175757575757573;0.0;0.8193939393939396;0.24242424242424243;2.0703030303030303;0.33575757575757575;2.2412121212121217;4.787878787878788;6.393939393939394
11286;zone49;4853.647576226233;3833.123065294377;0.0;zone49;S01010304;12;542;456;332;[0.323529,0.514706,0.161765];[0.635135,0.25,0.114865];[0.477273,0.522727,0.0];[0.829268,0.109756,0.060976];[0.372340425532,0.0425531914894,0.297872340426,0.287234042553];1;804.0;0.384523850516;1651;23;0.07333333333333333;1.5;64.79666666666667;30.333333333333332;74.41666666666667;10.833333333333334;22.833333333333332;21.666666666666668;3.963333333333333;0.0;1.886666666666667;0.43333333333333335;1.8833333333333337;0.42;2.066666666666667;6.666666666666667;7.75
11286;zone50;4697.410406890209;3639.1027396354093;0.0;zone50;S01010305;7;807;694;478;[0.36036,0.468468,0.171171];[0.553191,0.33617,0.110638];[0.409639,0.301205,0.289157];[0.589888,0.337079,0.073034];[0.198529411765,0.0735294117647,0.382352941176,0.345588235294];1;223.0;-0.28282788147;583;18;0.10285714285714286;2.5714285714285716;43.10857142857143;29.857142857142858;70.60571428571428;11.571428571428571;23.0;14.0;3.2914285714285714;0.0;1.1885714285714286;2.0914285714285716;0.48;0.3085714285714286;1.6914285714285715;10.857142857142858;6.714285714285714
11286;zone51;4591.3082521834585;3868.367573740388;0.0;zone51;S01010306;13;752;675;449;[0.35625,0.56875,0.075];[0.570588,0.355882,0.073529];[0.283019,0.566038,0.150943];[0.650943,0.330189,0.018868];[0.165680473373,0.0473372781065,0.479289940828,0.307692307692];2;238.0;-0.265781391166;649;18;0.05230769230769231;2.769230769230769;49.97538461538462;25.692307692307693;69.71692307692307;10.692307692307692;22.692307692307693;17.0;2.0584615384615383;0.0;0.6553846153846153;2.2153846153846155;0.45230769230769236;0.29230769230769227;1.4707692307692308;10.538461538461538;4.923076923076923
11286;zone52;4503.72067559025;3742.2957906521283;0.0;zone52;S01010307;9;821;732;428;[0.189922,0.577519,0.232558];[0.407407,0.487654,0.104938];[0.346154,0.538462,0.115385];[0.71875,0.234375,0.046875];[0.0681818181818,0.0568181818182,0.375,0.5];5;319.0;-0.172537833795;388;23;0.09333333333333334;2.3333333333333335;36.22222222222222;36.111111111111114;73.96444444444444;12.555555555555555;24.88888888888889;12.333333333333334;3.2711111111111113;0.0;1.8222222222222224;3.4711111111111115;0.5022222222222222;0.28;2.1066666666666665;11.0;8.333333333333334
11286;zone53;4364.519870735056;4047.768725526131;0.0;zone53;S01010308;9;975;858;480;[0.285714,0.54007,0.174216];[0.511936,0.384615,0.103448];[0.254902,0.411765,0.333333];[0.648352,0.307692,0.043956];[0.0970873786408,0.0631067961165,0.359223300971,0.480582524272];4;257.0;-0.244477582955;1429;21;0.09333333333333334;1.1111111111111112;66.66222222222223;42.888888888888886;77.52444444444444;11.11111111111111;23.666666666666668;22.666666666666668;2.7777777777777777;0.0;4.239999999999999;2.253333333333333;1.7422222222222223;0.36444444444444446;2.7955555555555556;4.0;10.444444444444445
11286;zone54;5381.88771051669;3636.3205112402793;0.0;zone54;S01010309;4;419;356;264;[0.333333,0.25,0.416667];[0.478873,0.422535,0.098592];[0.352941,0.382353,0.264706];[0.705882,0.24183,0.052288];[0.365853658537,0.170731707317,0.390243902439,0.0731707317073];1;0.0;-0.540229885057;1670;7;0.07;2.25;72.76;26.25;83.7;11.25;24.75;25.0;2.45;0.0;1.2599999999999998;0.0;3.84;0.38;2.26;10.75;7.0
11286;zone55;5657.373406240428;3625.6586165034923;0.0;zone55;S01010310;13;706;540;381;[0.333333,0.238095,0.428571];[0.565517,0.337931,0.096552];[0.54902,0.27451,0.176471];[0.715415,0.256917,0.027668];[0.484848484848,0.151515151515,0.318181818182,0.0454545454545];1;574.0;0.120406534162;806;14;0.04;1.1538461538461537;43.78769230769231;29.076923076923077;68.48923076923077;11.76923076923077;23.846153846153847;15.307692307692308;2.4307692307692306;0.0;1.0769230769230769;0.2030769230769231;4.095384615384615;0.25538461538461543;2.5569230769230766;5.384615384615385;7.3076923076923075
11286;zone56;5685.425126382168;3318.6970593171873;0.0;zone56;S01010311;22;721;556;351;[0.411765,0.352941,0.235294];[0.472222,0.453704,0.074074];[0.571429,0.404762,0.02381];[0.717949,0.271062,0.010989];[0.565217391304,0.121739130435,0.269565217391,0.0434782608696];1;1534.0;1.22364271569;1673;29;0.04727272727272727;1.6363636363636365;69.06181818181818;27.136363636363637;79.22545454545455;11.909090909090908;24.181818181818183;23.727272727272727;2.5145454545454546;0.0;1.9;0.02363636363636364;3.347272727272727;0.3454545454545454;2.2636363636363637;7.2727272727272725;7.454545454545454
11286;zone57;5466.52613028024;3072.1402274564575;0.0;zone57;S01010312;34;868;647;425;[0.117647,0.823529,0.058824];[0.754386,0.22807,0.017544];[0.407407,0.444444,0.148148];[0.804945,0.153846,0.041209];[0.586956521739,0.115942028986,0.268115942029,0.0289855072464];1;685.0;0.247477927043;1684;57;0.06235294117647059;1.411764705882353;71.69529411764705;29.441176470588236;72.61882352941176;9.470588235294118;22.323529411764707;24.58823529411765;1.4658823529411766;0.0;2.1341176470588237;0.1188235294117647;2.932941176470588;0.28235294117647064;2.137647058823529;5.382352941176471;6.205882352941177
11286;zone58;5251.7403530303945;3502.549209042501;0.0;zone58;S01010313;16;654;529;356;[0.428571,0.285714,0.285714];[0.6,0.333333,0.066667];[0.433735,0.481928,0.084337];[0.739623,0.162264,0.098113];[0.648351648352,0.131868131868,0.175824175824,0.043956043956];1;565.0;0.109617915218;2136;27;0.065;1.375;78.2625;29.125;76.20750000000001;10.3125;22.4375;26.6875;1.8375000000000001;0.0;2.5200000000000005;0.11249999999999999;2.425;0.32499999999999996;2.4124999999999996;5.3125;6.5
11286;zone59;4840.312157862589;3385.4448126102257;0.0;zone59;S01010314;21;1248;1034;550;[0.358209,0.507463,0.134328];[0.514493,0.333333,0.152174];[0.5,0.326923,0.173077];[0.636,0.324,0.04];[0.316901408451,0.133802816901,0.401408450704,0.147887323944];1;637.0;0.192402372167;1275;28;0.05142857142857143;1.0476190476190477;57.346666666666664;23.666666666666668;69.63809523809525;11.095238095238095;23.142857142857142;19.61904761904762;2.0190476190476194;0.0;2.7161904761904765;0.6209523809523809;0.9885714285714284;0.5619047619047619;2.634285714285715;4.476190476190476;5.857142857142857
11286;zone60;4536.293429266749;2504.1273706154316;0.0;zone60;S01010315;43;911;678;409;[0.180723,0.554217,0.26506];[0.252632,0.457895,0.289474];[0.208333,0.5,0.291667];[0.55144,0.345679,0.102881];[0.308176100629,0.169811320755,0.358490566038,0.163522012579];2;382.0;-0.100954860853;1624;85;0.07813953488372093;1.3953488372093024;66.8539534883721;31.302325581395348;73.63348837209304;10.418604651162791;22.58139534883721;23.023255813953487;2.5320930232558143;0.0;2.816744186046512;0.0;2.7832558139534886;0.41488372093023246;2.172093023255814;5.116279069767442;7.744186046511628
11286;zone61;4589.6619547948285;2943.195659127726;0.0;zone61;S01010316;25;512;414;304;[0.392157,0.529412,0.078431];[0.62931,0.37069,0.0];[0.439024,0.560976,0.0];[0.775401,0.224599,0.0];[0.439252336449,0.102803738318,0.252336448598,0.205607476636];1;481.0;0.0128180141103;1314;46;0.0688;1.52;59.87519999999999;30.08;72.9296;10.52;22.92;20.44;2.0048000000000004;0.0;2.9712000000000005;0.0336;3.198400000000001;0.4352;2.344;6.28;7.76
11286;zone63;4421.5566371748755;3071.026327566895;0.0;zone63;S01010318;12;1588;1497;304;[0.5,0.456522,0.043478];[0.469799,0.47651,0.053691];[0.310345,0.37931,0.310345];[0.678571,0.285714,0.035714];[0.36,0.14,0.34,0.16];3;317.0;-0.175110645645;1182;29;0.09333333333333334;0.8333333333333334;55.03333333333333;42.916666666666664;72.60000000000001;10.333333333333334;23.083333333333332;18.666666666666668;5.96;0.0;4.11;0.6633333333333334;1.5266666666666666;0.45333333333333337;2.5533333333333337;3.6666666666666665;11.916666666666666
11286;zone64;4173.240913470097;2893.8040771744095;0.0;zone64;S01010319;9;711;624;407;[0.258741,0.608392,0.132867];[0.383399,0.486166,0.130435];[0.439394,0.212121,0.348485];[0.530769,0.384615,0.084615];[0.171974522293,0.0700636942675,0.471337579618,0.286624203822];2;473.0;0.00423719084943;1432;19;0.08;1.7777777777777777;64.8311111111111;32.333333333333336;73.61777777777779;9.777777777777779;22.333333333333332;22.11111111111111;4.08;0.0;2.1111111111111116;0.29777777777777775;1.6400000000000001;0.16888888888888892;2.066666666666667;7.111111111111111;7.555555555555555
11286;zone65;3940.1918462749595;2900.8899784533987;0.0;zone65;S01010320;4;675;594;437;[0.257813,0.523438,0.21875];[0.61753,0.298805,0.083665];[0.526316,0.22807,0.245614];[0.805085,0.169492,0.025424];[0.172185430464,0.0662251655629,0.443708609272,0.317880794702];1;646.0;0.202453315259;1235;7;0.07;2.0;52.31;30.0;70.28;10.75;22.25;17.5;4.68;0.0;1.01;0.66;1.3399999999999999;0.51;1.8599999999999999;7.75;7.0
11286;zone66;3905.8658739096163;2664.6669636212755;0.0;zone66;S01010321;7;837;634;432;[0.401709,0.555556,0.042735];[0.54717,0.433962,0.018868];[0.45122,0.439024,0.109756];[0.666667,0.271186,0.062147];[0.212328767123,0.0958904109589,0.390410958904,0.301369863014];1;1019.0;0.631764531736;1727;5;0.02857142857142857;1.7142857142857142;70.53142857142856;27.285714285714285;88.24;14.714285714285714;26.0;24.0;2.6457142857142855;0.0;4.262857142857143;0.08;2.8000000000000003;0.29714285714285715;2.914285714285714;8.857142857142858;9.142857142857142
11286;zone67;3630.3978644730896;3132.1651121578075;0.0;zone67;S01010322;9;1028;914;549;[0.174419,0.549419,0.276163];[0.412399,0.471698,0.115903];[0.298507,0.38806,0.313433];[0.647059,0.323529,0.029412];[0.057268722467,0.0352422907489,0.449339207048,0.458149779736];5;124.0;-0.397569575369;1566;31;0.13777777777777778;2.111111111111111;64.0888888888889;38.666666666666664;73.29333333333334;8.666666666666666;21.88888888888889;21.77777777777778;4.582222222222222;0.0;3.119999999999999;0.8622222222222224;1.3022222222222222;0.31555555555555553;1.902222222222222;7.0;9.333333333333334
11286;zone68;6208.193116766784;3072.425066795916;0.0;zone68;S01010323;4;603;466;377;[0.555556,0.444444,0.0];[0.657143,0.271429,0.071429];[0.642857,0.321429,0.035714];[0.793651,0.166667,0.039683];[0.578431372549,0.166666666667,0.235294117647,0.0196078431373];1;970.0;0.57559463238;981;7;0.07;1.5;53.199999999999996;24.0;74.0;12.25;23.0;18.25;5.949999999999999;0.0;0.6599999999999999;0.0;0.7999999999999999;0.84;2.45;8.0;6.5
11286;zone69;6517.651722029823;2240.572579661372;0.0;zone69;S01010324;6;759;566;403;[0.142857,0.571429,0.285714];[0.298077,0.490385,0.211538];[0.333333,0.530864,0.135802];[0.401674,0.414226,0.1841];[0.569620253165,0.101265822785,0.291139240506,0.0379746835443];1;407.0;-0.0721601679586;1197;14;0.08;0.6666666666666666;42.46666666666667;35.166666666666664;60.64000000000001;9.5;22.0;14.666666666666666;2.853333333333333;0.0;0.9;0.0;3.6333333333333333;0.4466666666666667;2.7399999999999998;2.5;7.0
11286;zone70;6038.016041009105;2402.8415869980217;0.0;zone70;S01010325;18;939;666;501;[0.263158,0.368421,0.368421];[0.383838,0.525253,0.090909];[0.253623,0.615942,0.130435];[0.451362,0.463035,0.085603];[0.545454545455,0.238636363636,0.193181818182,0.0227272727273];1;225.0;-0.281126582053;1482;25;0.05111111111111111;1.5;51.8088888888889;29.333333333333332;70.82444444444445;11.555555555555555;23.444444444444443;17.88888888888889;1.931111111111111;0.0;0.3711111111111111;0.0;4.64;0.2844444444444445;2.1933333333333334;6.722222222222222;6.444444444444445
11286;zone71;5272.359331052501;2740.775131541117;0.0;zone71;S01010326;39;987;707;494;[0.526316,0.368421,0.105263];[0.522523,0.333333,0.144144];[0.492188,0.3125,0.195313];[0.723514,0.224806,0.05168];[0.54375,0.16875,0.23125,0.05625];1;1389.0;1.05701743376;1003;64;0.06564102564102564;1.0;51.36000000000001;30.025641025641026;67.64102564102564;10.717948717948717;22.435897435897434;17.333333333333332;1.4143589743589742;0.0;5.334358974358975;0.0317948717948718;1.8164102564102562;0.4071794871794871;2.6625641025641023;3.8205128205128207;8.076923076923077
11286;zone72;4970.167032608406;2501.795090448298;0.0;zone72;S01010327;34;982;660;362;[0.031746,0.507937,0.460317];[0.372881,0.432203,0.194915];[0.289063,0.328125,0.382813];[0.516892,0.347973,0.135135];[0.416184971098,0.21387283237,0.236994219653,0.132947976879];1;470.0;0.000335688704598;965;65;0.07411764705882352;1.4705882352941178;51.38941176470588;27.61764705882353;70.40588235294116;11.147058823529411;22.91176470588235;17.61764705882353;1.2705882352941176;0.0;6.096470588235294;0.02;1.308235294117647;0.34470588235294125;2.2070588235294117;5.764705882352941;8.264705882352942
11286;zone73;5975.307390960257;2677.5485166167286;0.0;zone73;S01010328;24;969;706;445;[0.16129,0.5,0.33871];[0.27044,0.471698,0.257862];[0.192547,0.434783,0.372671];[0.338983,0.432203,0.228814];[0.309352517986,0.258992805755,0.280575539568,0.151079136691];2;457.0;-0.0138550124678;1956;37;0.055;1.375;65.39833333333335;34.166666666666664;74.92333333333333;11.0;23.375;22.416666666666668;1.7399999999999995;0.0;1.4883333333333333;0.0;5.0233333333333325;0.4000000000000001;2.23;5.5;7.75
11286;zone74;4421.847657862615;2232.0860934321454;0.0;zone74;S01010329;21;573;435;290;[0.368421,0.263158,0.368421];[0.341176,0.470588,0.188235];[0.255814,0.465116,0.27907];[0.52,0.354286,0.125714];[0.438356164384,0.191780821918,0.27397260274,0.0958904109589];2;105.0;-0.418628586414;1642;39;0.06857142857142857;1.4285714285714286;66.0342857142857;30.0;70.82285714285715;9.619047619047619;22.333333333333332;22.714285714285715;1.9885714285714284;0.0;2.561904761904762;0.0;2.9428571428571426;0.3085714285714286;2.4952380952380944;4.095238095238095;7.0
11286;zone75;5694.194375802848;2106.63736063796;0.0;zone75;S01010331;27;923;643;520;[0.222222,0.555556,0.222222];[0.446602,0.407767,0.145631];[0.378205,0.403846,0.217949];[0.613027,0.310345,0.076628];[0.484848484848,0.136363636364,0.333333333333,0.0454545454545];1;506.0;0.0419654512816;1219;53;0.07703703703703704;0.8148148148148148;49.349629629629646;31.14814814814815;64.76;10.555555555555555;22.59259259259259;17.074074074074073;1.5585185185185184;0.0;1.122962962962963;0.0;4.100740740740741;0.45037037037037037;2.2977777777777777;3.4074074074074074;6.2592592592592595
11286;zone76;5166.731023743546;2057.3814763565993;0.0;zone76;S01010333;33;962;712;487;[0.268293,0.585366,0.146341];[0.414013,0.414013,0.171975];[0.322148,0.436242,0.241611];[0.567164,0.33209,0.100746];[0.454545454545,0.167832167832,0.307692307692,0.0699300699301];1;488.0;0.0210068779115;1931;44;0.05212121212121212;1.4848484848484849;65.46909090909091;28.272727272727273;68.81939393939395;9.666666666666666;21.78787878787879;22.272727272727273;1.208484848484848;0.0;1.5163636363636364;0.0;3.3127272727272725;0.3466666666666667;1.8630303030303028;4.96969696969697;5.636363636363637
11286;zone77;3427.3532392832626;2033.7496999820728;0.0;zone77;S01010356;21;682;539;308;[0.146667,0.653333,0.2];[0.412121,0.454545,0.133333];[0.203125,0.554688,0.242188];[0.47973,0.432432,0.087838];[0.282608695652,0.217391304348,0.36231884058,0.13768115942];2;560.0;0.103890623682;1066;27;0.04761904761904762;2.0476190476190474;59.091428571428565;31.238095238095237;74.95428571428572;10.619047619047619;23.333333333333332;20.238095238095237;2.1999999999999997;0.0;1.024761904761905;0.0;4.525714285714285;0.37142857142857144;1.7180952380952377;9.238095238095237;7.238095238095238
11286;zone78;3597.35945676669;2650.2179112403933;0.0;zone78;S01010358;13;842;621;507;[0.214286,0.607143,0.178571];[0.625,0.307692,0.067308];[0.425,0.4,0.175];[0.659933,0.255892,0.084175];[0.464646464646,0.222222222222,0.212121212121,0.10101010101];1;733.0;0.302724044821;2057;24;0.07384615384615385;1.6923076923076923;81.27999999999999;30.384615384615383;78.03999999999999;10.076923076923077;22.923076923076923;28.0;2.313846153846154;0.0;1.72;0.19692307692307692;3.2738461538461534;0.24000000000000002;2.2399999999999998;5.461538461538462;6.923076923076923
11286;zone79;3770.6276596238736;2438.6765255260348;0.0;zone79;S01010359;31;816;553;456;[0.451613,0.548387,0.0];[0.673913,0.315217,0.01087];[0.621622,0.27027,0.108108];[0.716667,0.263333,0.02];[0.623931623932,0.128205128205,0.179487179487,0.0683760683761];1;926.0;0.524249999147;1800;55;0.06838709677419355;0.9354838709677419;70.62967741935482;27.580645161290324;73.46193548387096;11.129032258064516;23.129032258064516;24.258064516129032;2.7793548387096774;0.0;1.1496774193548387;0.03870967741935484;2.7948387096774194;0.409032258064516;2.3935483870967746;3.774193548387097;6.354838709677419
11286;zone80;3360.466629924528;2342.341353345601;0.0;zone80;S01010360;22;567;430;285;[0.25,0.65,0.1];[0.442478,0.442478,0.115044];[0.372881,0.525424,0.101695];[0.693467,0.271357,0.035176];[0.395348837209,0.139534883721,0.302325581395,0.162790697674];1;486.0;0.0192435419851;2068;38;0.06545454545454546;1.4090909090909092;76.90727272727271;27.545454545454547;78.65090909090908;11.318181818181818;23.318181818181817;26.136363636363637;3.523636363636364;0.0;1.3472727272727274;0.00545454545454545;2.658181818181818;0.3963636363636365;2.389090909090909;5.7272727272727275;7.090909090909091
11286;zone81;3301.448150857574;2432.4746021494607;0.0;zone81;S01010361;15;611;485;402;[0.689655,0.241379,0.068966];[0.75,0.194444,0.055556];[0.790323,0.16129,0.048387];[0.795745,0.191489,0.012766];[0.559523809524,0.0833333333333,0.297619047619,0.0595238095238];1;1472.0;1.1526509392;2076;23;0.06133333333333333;0.7333333333333333;79.90933333333334;28.133333333333333;74.26666666666667;10.4;22.266666666666666;27.533333333333335;2.68;0.0;1.122666666666667;0.06666666666666667;2.773333333333334;0.5306666666666667;2.3573333333333335;3.066666666666667;6.066666666666666
11286;zone82;3443.2124588718993;2759.4166165034803;0.0;zone82;S01010362;3;783;672;611;[0.558824,0.382353,0.058824];[0.7125,0.24375,0.04375];[0.707965,0.20354,0.088496];[0.844884,0.125413,0.029703];[0.4875,0.125,0.2875,0.1];1;1056.0;0.673771500069;2157;2;0.02666666666666667;0.6666666666666666;74.18666666666667;29.0;75.0;12.333333333333334;24.0;24.666666666666668;1.92;0.0;1.9066666666666665;0.26666666666666666;3.853333333333333;0.68;2.76;1.0;7.666666666666667
11286;zone83;2583.2769244590754;2209.457846405207;0.0;zone83;S01010363;13;758;607;394;[0.133005,0.448276,0.418719];[0.253333,0.524444,0.222222];[0.111111,0.388889,0.5];[0.45122,0.292683,0.256098];[0.131147540984,0.0737704918033,0.352459016393,0.44262295082];4;158.0;-0.357506240536;1261;30;0.08307692307692308;1.7692307692307692;47.28923076923077;40.15384615384615;70.95076923076923;10.76923076923077;23.076923076923077;15.923076923076923;3.541538461538462;0.0;1.763076923076923;0.20000000000000004;4.547692307692309;0.25846153846153846;1.4;7.615384615384615;9.461538461538462
11286;zone84;2357.745421644752;2330.929816118402;0.0;zone84;S01010364;18;915;700;337;[0.053435,0.503817,0.442748];[0.043062,0.373206,0.583732];[0.014286,0.385714,0.6];[0.301205,0.313253,0.385542];[0.0733944954128,0.0825688073394,0.275229357798,0.56880733945];5;55.0;-0.476909810223;1402;44;0.09555555555555556;2.111111111111111;43.48222222222222;41.166666666666664;71.28;10.277777777777779;22.944444444444443;14.444444444444445;7.033333333333334;0.0;2.8466666666666667;0.23333333333333328;1.6977777777777776;0.41555555555555557;1.3688888888888888;8.0;11.38888888888889
11286;zone85;2534.272152998598;2753.756808341903;0.0;zone85;S01010365;24;1013;782;449;[0.034783,0.492754,0.472464];[0.115385,0.470085,0.41453];[0.075472,0.301887,0.622642];[0.136364,0.30303,0.560606];[0.0697674418605,0.046511627907,0.333333333333,0.550387596899];5;169.0;-0.345506478806;1201;62;0.1;1.375;42.168333333333344;48.583333333333336;72.65833333333335;10.833333333333334;23.083333333333332;14.416666666666666;12.063333333333334;0.0;1.4083333333333334;0.34166666666666673;0.9966666666666667;0.4133333333333334;1.8833333333333329;5.541666666666667;14.25
11286;zone86;2800.8185324293845;2377.1482522041924;0.0;zone86;S01010366;13;1025;850;502;[0.121406,0.527157,0.351438];[0.255474,0.459854,0.284672];[0.160494,0.432099,0.407407];[0.215686,0.568627,0.215686];[0.107954545455,0.0852272727273,0.340909090909,0.465909090909];5;134.0;-0.38615507199;1357;28;0.08;1.4615384615384615;45.24;39.92307692307692;58.612307692307695;7.384615384615385;20.23076923076923;15.23076923076923;5.633846153846155;0.0;1.0523076923076924;0.11076923076923076;0.92;0.3507692307692307;1.4215384615384612;4.461538461538462;7.230769230769231
11286;zone87;3080.636207128119;2872.349734131895;0.0;zone87;S01010367;18;1639;1413;507;[0.042614,0.551136,0.40625];[0.206522,0.438406,0.355072];[0.113636,0.409091,0.477273];[0.354167,0.520833,0.125];[0.0662251655629,0.0860927152318,0.291390728477,0.556291390728];5;116.0;-0.406201028079;1649;46;0.09333333333333334;2.111111111111111;61.35555555555555;39.22222222222222;73.90444444444445;9.222222222222221;21.833333333333332;21.0;7.735555555555556;0.0;2.035555555555556;0.18666666666666665;0.9400000000000001;0.33777777777777784;1.0822222222222222;7.611111111111111;10.38888888888889
11286;zone88;3116.485176766721;3243.278677906962;0.0;zone88;S01010368;10;729;543;355;[0.057554,0.492806,0.44964];[0.258503,0.414966,0.326531];[0.214286,0.285714,0.5];[0.185185,0.703704,0.111111];[0.0315789473684,0.0421052631579,0.326315789474,0.6];5;177.0;-0.33570925756;1664;22;0.084;1.7;67.15199999999999;45.8;79.604;9.6;22.7;23.1;10.58;0.0;2.2359999999999998;0.4640000000000001;0.736;0.292;1.4040000000000001;6.8;13.4
11286;zone89;4424.728960516644;3512.0439643653226;0.0;zone89;S01010369;10;767;654;433;[0.287736,0.537736,0.174528];[0.45339,0.457627,0.088983];[0.360656,0.393443,0.245902];[0.652174,0.234783,0.113043];[0.127777777778,0.0555555555556,0.394444444444,0.422222222222];3;259.0;-0.242002175086;958;14;0.056;1.6;47.072;31.7;63.36800000000001;9.2;21.9;16.3;2.7960000000000003;0.0;0.8480000000000001;0.82;1.8239999999999998;0.23200000000000004;2.1359999999999997;5.6;5.9
11286;zone90;3582.987498345656;3491.6621165035513;0.0;zone90;S01010370;19;725;618;335;[0.151515,0.55303,0.295455];[0.348361,0.42623,0.22541];[0.119048,0.52381,0.357143];[0.390244,0.365854,0.243902];[0.0909090909091,0.0681818181818,0.348484848485,0.492424242424];5;331.0;-0.159681468367;1183;56;0.11578947368421053;1.6842105263157894;53.56631578947368;43.89473684210526;75.1178947368421;10.736842105263158;23.157894736842106;18.157894736842106;3.6021052631578945;0.0;4.412631578947368;1.2421052631578948;2.1894736842105265;0.29263157894736846;1.8063157894736845;7.7368421052631575;10.947368421052632
11286;zone91;4023.133591766725;3770.583886240376;0.0;zone91;S01010371;15;1013;872;461;[0.179272,0.504202,0.316527];[0.469444,0.469444,0.061111];[0.137931,0.413793,0.448276];[0.478261,0.318841,0.202899];[0.0663265306122,0.0408163265306,0.321428571429,0.571428571429];5;171.0;-0.343539055477;1321;36;0.09066666666666667;2.0;58.65333333333334;37.266666666666666;78.17599999999999;11.0;23.4;20.066666666666666;2.8400000000000003;0.0;4.810666666666666;1.8133333333333332;0.6293333333333333;0.5413333333333334;1.3573333333333333;9.933333333333334;9.6
11286;zone92;4066.5203859974504;3600.028165086477;0.0;zone92;S01010372;16;529;431;226;[0.151515,0.545455,0.30303];[0.428571,0.509317,0.062112];[0.264706,0.352941,0.382353];[0.4,0.6,0.0];[0.0947368421053,0.105263157895,0.389473684211,0.410526315789];5;73.0;-0.455741154012;1066;24;0.0525;1.875;53.955;34.125;73.52250000000001;10.75;23.25;18.25;2.1775;0.0;4.115;1.0350000000000001;1.4625000000000001;0.3525;1.6224999999999998;8.6875;8.25
11286;zone93;4128.46840055045;3499.667646375516;0.0;zone93;S01010373;12;761;654;408;[0.152542,0.652542,0.194915];[0.45977,0.43295,0.10728];[0.341463,0.390244,0.268293];[0.557143,0.314286,0.128571];[0.0891719745223,0.0509554140127,0.356687898089,0.503184713376];5;110.0;-0.412795313785;1138;36;0.12;2.25;54.793333333333344;35.5;72.53666666666668;10.333333333333334;22.666666666666668;18.75;3.0999999999999996;0.0;3.143333333333333;0.9100000000000001;1.8100000000000003;0.2466666666666667;1.4233333333333331;8.416666666666666;8.5
11286;zone94;3045.4792577923686;3974.752818932703;0.0;zone94;S01010374;31;950;792;469;[0.205128,0.490385,0.304487];[0.388406,0.428986,0.182609];[0.294118,0.617647,0.088235];[0.5,0.25,0.25];[0.0552147239264,0.0368098159509,0.300613496933,0.60736196319];5;64.0;-0.465560114647;790;91;0.10967741935483871;2.0;44.67096774193549;42.0;70.8683870967742;10.258064516129032;22.516129032258064;15.129032258064516;2.345806451612903;0.0;7.892903225806453;1.04;0.5716129032258064;0.33419354838709675;1.4516129032258065;7.548387096774194;11.35483870967742
11286;zone95;3596.3300264053432;3880.7638184692773;0.0;zone95;S01010375;6;531;492;219;[0.254717,0.518868,0.226415];[0.657143,0.222222,0.120635];[0.428571,0.333333,0.238095];[0.777778,0.111111,0.111111];[0.046875,0.078125,0.296875,0.578125];4;819.0;0.401413436407;1101;10;0.06666666666666667;2.5;55.46000000000001;36.833333333333336;75.85333333333334;10.833333333333334;23.5;19.166666666666668;1.873333333333333;0.0;3.966666666666667;2.14;0.6466666666666666;0.14;0.7666666666666666;10.833333333333334;8.166666666666666
11286;zone96;4053.0395004877005;4138.674987984469;0.0;zone96;S01010376;4;708;659;367;[0.277027,0.452703,0.27027];[0.660287,0.272727,0.066986];[0.411765,0.5,0.088235];[0.589744,0.333333,0.076923];[0.0413223140496,0.0661157024793,0.487603305785,0.404958677686];4;437.0;-0.0369022718678;1098;2;0.02;2.25;50.77;34.0;80.3;12.25;24.75;17.0;1.13;0.0;7.449999999999999;1.3399999999999999;0.71;0.24;1.7199999999999998;12.5;10.25
11286;zone97;3883.921505655615;4065.512025129205;0.0;zone97;S01010377;7;936;851;375;[0.293413,0.461078,0.245509];[0.615721,0.229258,0.155022];[0.461538,0.384615,0.153846];[0.583333,0.229167,0.1875];[0.165467625899,0.0503597122302,0.410071942446,0.374100719424];4;436.0;-0.0381286363333;1169;12;0.06857142857142857;1.8571428571428572;60.90857142857143;31.857142857142858;70.75428571428571;10.0;22.428571428571427;20.571428571428573;1.3599999999999999;0.0;4.08;1.3428571428571427;0.7485714285714286;0.33142857142857146;1.3828571428571428;6.714285714285714;7.142857142857143
11286;zone98;3610.8558894941098;3941.5307930585464;0.0;zone98;S01010378;6;730;678;272;[0.229412,0.458824,0.311765];[0.596882,0.244989,0.158129];[0.421053,0.578947,0.0];[0.310345,0.689655,0.0];[0.0568181818182,0.0454545454545,0.306818181818,0.590909090909];4;249.0;-0.253946897501;1003;13;0.08666666666666667;1.3333333333333333;52.166666666666664;46.166666666666664;72.19333333333334;10.166666666666666;23.0;17.5;2.1866666666666665;0.0;7.213333333333334;2.233333333333333;0.5466666666666666;0.5533333333333333;1.86;5.166666666666667;11.666666666666666
11286;zone99;3576.127298584896;4192.201147603979;0.0;zone99;S01010379;3;1127;1044;446;[0.296089,0.430168,0.273743];[0.585448,0.28934,0.125212];[0.205882,0.705882,0.088235];[0.674419,0.27907,0.046512];[0.0761904761905,0.047619047619,0.485714285714,0.390476190476];3;671.0;0.231888929905;781;10;0.12;1.3333333333333333;41.946666666666665;40.666666666666664;68.05333333333333;10.333333333333334;23.0;14.666666666666666;2.7466666666666666;0.0;9.586666666666666;0.8266666666666667;0.20000000000000004;0.24;1.36;3.6666666666666665;13.0
11286;zone100;2900.7562542667847;4201.510923740384;0.0;zone100;S01010380;18;964;847;521;[0.248428,0.528302,0.22327];[0.511765,0.373529,0.114706];[0.391304,0.478261,0.130435];[0.619048,0.357143,0.02381];[0.0710382513661,0.0382513661202,0.398907103825,0.491803278689];4;163.0;-0.352744712339;768;49;0.10222222222222223;1.3333333333333333;43.34666666666668;44.888888888888886;68.72222222222223;10.166666666666666;22.22222222222222;14.666666666666666;2.611111111111111;0.0;7.291111111111111;1.4555555555555555;0.40222222222222226;0.3933333333333334;1.4511111111111115;6.333333333333333;11.277777777777779
11286;zone101;2983.561632639819;4588.7588842561845;0.0;zone101;S01010381;3;605;561;372;[0.363014,0.438356,0.19863];[0.575949,0.367089,0.056962];[0.45,0.55,0.0];[0.788462,0.211538,0.0];[0.0687022900763,0.0534351145038,0.480916030534,0.396946564885];4;496.0;0.0308877387517;1175;4;0.05333333333333334;0.3333333333333333;52.800000000000004;56.0;75.65333333333334;10.666666666666666;23.333333333333332;18.666666666666668;1.9466666666666665;0.0;9.200000000000001;2.1466666666666665;1.8533333333333335;0.6266666666666667;3.6666666666666665;2.0;14.666666666666666
11286;zone102;2803.0808301001493;4337.430997907044;0.0;zone102;S01010382;12;850;763;483;[0.287736,0.584906,0.127358];[0.559557,0.373961,0.066482];[0.478873,0.408451,0.112676];[0.635294,0.294118,0.070588];[0.0851063829787,0.0904255319149,0.446808510638,0.377659574468];4;320.0;-0.17240394502;478;36;0.11666666666666667;2.0;42.57666666666667;37.25;69.66333333333334;10.333333333333334;22.166666666666668;14.666666666666666;2.82;0.0;7.053333333333334;0.49000000000000005;0.3466666666666667;0.3133333333333333;1.5300000000000002;8.083333333333334;10.25
11286;zone103;2949.252671312272;4406.692956694939;0.0;zone103;S01010383;7;656;575;393;[0.5,0.444444,0.055556];[0.662791,0.282946,0.054264];[0.5,0.392857,0.107143];[0.671329,0.244755,0.083916];[0.275229357798,0.0825688073394,0.348623853211,0.293577981651];1;310.0;-0.183149557579;692;15;0.08;1.5714285714285714;39.40571428571429;26.857142857142858;61.90857142857143;11.142857142857142;22.0;13.714285714285714;1.2285714285714284;0.0;5.34857142857143;0.4228571428571429;0.44571428571428573;0.2742857142857143;1.6228571428571428;4.0;6.857142857142857
11286;zone104;3432.0653251411577;4596.948239811801;0.0;zone104;S01010384;3;815;736;454;[0.234127,0.511905,0.253968];[0.537037,0.324074,0.138889];[0.45098,0.470588,0.078431];[0.564103,0.435897,0.0];[0.0718232044199,0.0497237569061,0.370165745856,0.508287292818];4;900.0;0.494639616031;1161;7;0.09333333333333334;2.3333333333333335;53.413333333333334;42.333333333333336;58.50666666666666;5.333333333333333;19.666666666666668;18.0;0.6533333333333333;0.0;5.706666666666667;0.7600000000000001;0.16;0.32;0.6266666666666666;5.666666666666667;6.666666666666667
11286;zone105;2654.9674428537255;4334.225902544648;0.0;zone105;S01010385;15;844;749;498;[0.364706,0.517647,0.117647];[0.624242,0.312121,0.063636];[0.517241,0.362069,0.12069];[0.65942,0.289855,0.050725];[0.152046783626,0.0409356725146,0.450292397661,0.356725146199];3;245.0;-0.258148926245;1046;51;0.128;1.6;44.608;38.4;61.80533333333334;9.0;21.0;15.333333333333334;2.6266666666666665;0.0;5.682666666666665;0.48799999999999993;0.37333333333333335;0.2906666666666667;1.3146666666666669;4.066666666666666;8.8
11286;zone106;2462.078701512598;4325.609451918243;0.0;zone106;S01010396;13;1033;863;585;[0.321285,0.445783,0.232932];[0.513072,0.372549,0.114379];[0.405405,0.459459,0.135135];[0.689873,0.259494,0.050633];[0.163265306122,0.0918367346939,0.30612244898,0.438775510204];2;325.0;-0.165592353537;765;34;0.09538461538461539;1.0769230769230769;32.252307692307696;42.38461538461539;63.75076923076923;10.461538461538462;22.76923076923077;11.0;6.910769230769231;0.0;2.1384615384615384;0.6153846153846155;1.3599999999999999;0.3261538461538462;2.483076923076923;4.0;10.461538461538462
11286;zone107;2690.0392777836996;4066.8468925963607;0.0;zone107;S01010397;7;542;475;294;[0.176471,0.491979,0.331551];[0.46,0.39,0.15];[0.190476,0.52381,0.285714];[0.7,0.225,0.075];[0.0882352941176,0.0294117647059,0.274509803922,0.607843137255];4;131.0;-0.389610955647;1155;34;0.18285714285714286;1.2857142857142858;50.04;44.142857142857146;75.52;11.142857142857142;24.0;17.142857142857142;4.508571428571429;0.0;8.405714285714286;0.8114285714285715;0.37714285714285717;0.43428571428571433;2.08;4.714285714285714;13.714285714285714
11286;zone108;2036.998337196891;3770.9763230683047;0.0;zone108;S01010398;12;1090;909;583;[0.232295,0.563739,0.203966];[0.362881,0.468144,0.168975];[0.215686,0.490196,0.294118];[0.350649,0.38961,0.25974];[0.0699588477366,0.0452674897119,0.390946502058,0.493827160494];5;108.0;-0.415555629409;1573;29;0.09333333333333334;1.8333333333333333;68.46333333333334;41.75;80.88666666666667;10.833333333333334;23.416666666666668;23.5;6.916666666666667;0.0;2.1533333333333333;2.1866666666666665;0.9133333333333332;0.44333333333333336;1.38;7.166666666666667;11.75
11286;zone109;2230.545593510926;3491.746092635656;0.0;zone109;S01010399;3;1036;946;615;[0.257028,0.504016,0.238956];[0.354037,0.506211,0.139752];[0.464286,0.285714,0.25];[0.520833,0.354167,0.125];[0.0451127819549,0.00375939849624,0.296992481203,0.654135338346];5;100.0;-0.424693858001;1418;10;0.12;1.3333333333333333;60.133333333333326;45.0;74.62666666666667;9.333333333333334;22.666666666666668;21.666666666666668;6.866666666666667;0.0;1.36;1.1333333333333335;1.3066666666666666;0.56;1.9866666666666666;6.0;10.0
11286;zone110;2406.606814568961;3934.279242009618;0.0;zone110;S01010400;31;1101;891;530;[0.129496,0.609113,0.261391];[0.350877,0.421053,0.22807];[0.23913,0.326087,0.434783];[0.285714,0.380952,0.333333];[0.107142857143,0.0535714285714,0.285714285714,0.553571428571];5;79.0;-0.449269124351;700;92;0.1135483870967742;2.032258064516129;43.538064516129026;43.70967741935484;69.28774193548388;9.903225806451612;22.322580645161292;14.709677419354838;7.865806451612903;0.0;1.4851612903225808;1.2774193548387098;0.2838709677419355;0.31096774193548393;1.376774193548387;7.967741935483871;10.387096774193548
11286;zone111;2709.8290989095613;3844.667850526116;0.0;zone111;S01010401;10;717;592;400;[0.209821,0.473214,0.316964];[0.380342,0.41453,0.205128];[0.285714,0.285714,0.428571];[0.6,0.4,0.0];[0.0769230769231,0.0384615384615,0.336538461538,0.548076923077];4;54.0;-0.477920875017;931;21;0.084;2.6;46.932;36.6;71.208;10.3;22.7;16.2;3.308;0.0;3.5160000000000005;2.02;0.32800000000000007;0.368;1.608;9.1;8.7
11286;zone112;2466.7284704252097;3685.3053039232464;0.0;zone112;S01010402;16;1031;855;513;[0.14375,0.529167,0.327083];[0.344978,0.384279,0.270742];[0.25,0.545455,0.204545];[0.326087,0.478261,0.195652];[0.0251256281407,0.0402010050251,0.266331658291,0.668341708543];5;88.0;-0.438855808302;830;49;0.12;1.875;45.817499999999995;45.3125;74.38499999999998;11.1875;23.5;15.4375;8.422500000000001;0.0;1.17;2.445;0.72;0.48750000000000004;1.4100000000000001;7.875;12.3125
11286;zone113;2581.7070113245477;3395.676555458024;0.0;zone113;S01010403;24;1036;836;509;[0.140625,0.506696,0.352679];[0.302521,0.521008,0.176471];[0.114286,0.371429,0.514286];[0.25,0.333333,0.416667];[0.0473372781065,0.0236686390533,0.260355029586,0.668639053254];5;124.0;-0.39716041578;1024;61;0.095;2.125;53.79333333333333;43.416666666666664;76.00500000000001;10.75;23.25;18.25;8.17;0.0;0.9883333333333333;1.9749999999999999;0.49833333333333346;0.2800000000000001;1.1600000000000001;8.75;11.208333333333334
11286;zone114;2910.332173584844;3593.632124876688;0.0;zone114;S01010404;15;786;622;406;[0.08042,0.5,0.41958];[0.210526,0.610526,0.178947];[0.114286,0.457143,0.428571];[0.47619,0.380952,0.142857];[0.08,0.032,0.344,0.544];5;213.0;-0.294430818761;1083;40;0.104;1.3333333333333333;58.09066666666668;47.13333333333333;73.43733333333334;10.533333333333333;22.6;19.933333333333334;5.538666666666667;0.0;3.8266666666666667;2.519999999999999;0.24000000000000002;0.296;1.8453333333333333;4.533333333333333;11.6
11286;zone115;3132.639616766735;3550.942211240349;0.0;zone115;S01010405;19;789;660;408;[0.109333,0.498667,0.392];[0.298913,0.472826,0.228261];[0.457143,0.428571,0.114286];[0.423077,0.423077,0.153846];[0.0492957746479,0.0633802816901,0.253521126761,0.633802816901];5;73.0;-0.455689447323;1281;54;0.10736842105263159;1.5789473684210527;61.050526315789476;51.0;78.38947368421054;10.473684210526315;23.263157894736842;20.736842105263158;4.960000000000001;0.0;4.743157894736842;2.938947368421053;0.8273684210526316;0.38315789473684214;1.5200000000000002;6.684210526315789;12.894736842105264
11286;zone116;3240.575000487639;3834.971941472892;0.0;zone116;S01010406;6;830;735;435;[0.222615,0.45583,0.321555];[0.559211,0.319079,0.121711];[0.358974,0.512821,0.128205];[0.671875,0.328125,0.0];[0.0533333333333,0.06,0.36,0.526666666667];5;108.0;-0.414952610034;1158;17;0.1;1.6666666666666667;52.660000000000004;38.166666666666664;71.54666666666667;10.166666666666666;23.166666666666668;18.166666666666668;2.473333333333333;0.0;5.033333333333333;1.6866666666666668;0.7466666666666667;0.5066666666666667;1.9400000000000002;6.0;9.5
11286;zone117;3375.0702404226363;3923.948903713438;0.0;zone117;S01010407;7;897;819;418;[0.265,0.46,0.275];[0.613412,0.236686,0.149901];[0.454545,0.318182,0.227273];[0.46875,0.328125,0.203125];[0.0542635658915,0.0542635658915,0.488372093023,0.403100775194];5;492.0;0.0263360462793;935;27;0.14285714285714285;1.8571428571428572;50.411428571428566;49.142857142857146;71.19428571428571;10.0;22.428571428571427;16.714285714285715;2.2457142857142856;0.0;6.394285714285714;2.7657142857142856;0.5142857142857143;0.19999999999999998;1.337142857142857;7.0;11.285714285714286
11286;zone118;2292.6652644939973;3273.662636240341;0.0;zone118;S01010412;24;845;694;424;[0.180602,0.471572,0.347826];[0.307339,0.431193,0.261468];[0.25,0.5,0.25];[0.333333,0.407407,0.259259];[0.0484848484848,0.0484848484848,0.381818181818,0.521212121212];4;543.0;0.0841275172425;1388;58;0.095;1.5833333333333333;64.68333333333332;40.166666666666664;75.72333333333333;9.916666666666666;22.791666666666668;22.5;6.871666666666666;0.0;1.6783333333333335;1.553333333333333;0.6466666666666666;0.37999999999999995;1.5283333333333335;6.125;10.25
11286;zone119;1857.8089501000325;2705.1149916325962;0.0;zone119;S01010413;21;714;503;340;[0.036199,0.41629,0.547511];[0.103448,0.568966,0.327586];[0.034483,0.413793,0.551724];[0.268293,0.341463,0.390244];[0.0632911392405,0.0506329113924,0.253164556962,0.632911392405];5;306.0;-0.18767787319;750;39;0.07047619047619047;1.9047619047619047;43.48952380952381;39.095238095238095;70.54666666666667;10.666666666666666;22.476190476190474;14.904761904761905;8.76952380952381;0.0;0.8704761904761904;0.39428571428571435;0.8647619047619047;0.4228571428571429;1.4780952380952381;7.809523809523809;10.333333333333334
11286;zone120;1989.9829040007949;2423.9257984744295;0.0;zone120;S01010467;16;883;596;476;[0.173684,0.536842,0.289474];[0.262887,0.505155,0.231959];[0.212766,0.319149,0.468085];[0.275362,0.57971,0.144928];[0.150442477876,0.0973451327434,0.336283185841,0.41592920354];4;88.0;-0.438244595092;461;55;0.1275;1.1875;48.085;47.1875;68.4025;9.5625;22.0625;16.5625;10.202499999999999;0.0;1.2700000000000002;0.04;0.7675;0.32500000000000007;1.5324999999999998;4.4375;11.875
